Date,Open,High,Low,Close,Volume
31-Dec-10,-,-,-,0.73,-
30-Dec-10,-,-,-,0.72,-
29-Dec-10,-,-,-,0.71,-
28-Dec-10,-,-,-,0.7,-
27-Dec-10,-,-,-,0.69,-
26-Dec-10,-,-,-,0.69,-
25-Dec-10,-,-,-,0.69,-
24-Dec-10,-,-,-,0.7,-
23-Dec-10,-,-,-,0.7,-
22-Dec-10,-,-,-,0.7,-
21-Dec-10,-,-,-,0.7,-
20-Dec-10,-,-,-,0.7,-
19-Dec-10,-,-,-,0.69,-
18-Dec-10,-,-,-,0.69,-
17-Dec-10,-,-,-,0.69,-
16-Dec-10,-,-,-,0.69,-
15-Dec-10,-,-,-,0.69,-
14-Dec-10,-,-,-,0.68,-
13-Dec-10,-,-,-,0.68,-
12-Dec-10,-,-,-,0.69,-
11-Dec-10,-,-,-,0.68,-
10-Dec-10,-,-,-,0.69,-
9-Dec-10,-,-,-,0.69,-
8-Dec-10,-,-,-,0.68,-
7-Dec-10,-,-,-,0.68,-
6-Dec-10,-,-,-,0.68,-
5-Dec-10,-,-,-,0.68,-
4-Dec-10,-,-,-,0.69,-
3-Dec-10,-,-,-,0.69,-
2-Dec-10,-,-,-,0.7,-
1-Dec-10,-,-,-,0.7,-
30-Nov-10,-,-,-,0.71,-
29-Nov-10,-,-,-,0.71,-
28-Nov-10,-,-,-,0.71,-
27-Nov-10,-,-,-,0.71,-
26-Nov-10,-,-,-,0.71,-
25-Nov-10,-,-,-,0.71,-
24-Nov-10,-,-,-,0.72,-
23-Nov-10,-,-,-,0.72,-
22-Nov-10,-,-,-,0.72,-
21-Nov-10,-,-,-,0.71,-
20-Nov-10,-,-,-,0.71,-
19-Nov-10,-,-,-,0.71,-
18-Nov-10,-,-,-,0.71,-
17-Nov-10,-,-,-,0.71,-
16-Nov-10,-,-,-,0.71,-
15-Nov-10,-,-,-,0.71,-
14-Nov-10,-,-,-,0.71,-
13-Nov-10,-,-,-,0.71,-
12-Nov-10,-,-,-,0.71,-
11-Nov-10,-,-,-,0.71,-
10-Nov-10,-,-,-,0.71,-
9-Nov-10,-,-,-,0.71,-
8-Nov-10,-,-,-,0.7,-
7-Nov-10,-,-,-,0.71,-
6-Nov-10,-,-,-,0.7,-
5-Nov-10,-,-,-,0.7,-
4-Nov-10,-,-,-,0.7,-
3-Nov-10,-,-,-,0.71,-
2-Nov-10,-,-,-,0.71,-
1-Nov-10,-,-,-,0.71,-
31-Oct-10,-,-,-,0.72,-
30-Oct-10,-,-,-,0.72,-
29-Oct-10,-,-,-,0.72,-
28-Oct-10,-,-,-,0.72,-
27-Oct-10,-,-,-,0.73,-
26-Oct-10,-,-,-,0.73,-
25-Oct-10,-,-,-,0.73,-
24-Oct-10,-,-,-,0.73,-
23-Oct-10,-,-,-,0.73,-
22-Oct-10,-,-,-,0.74,-
21-Oct-10,-,-,-,0.74,-
20-Oct-10,-,-,-,0.74,-
19-Oct-10,-,-,-,0.74,-
18-Oct-10,-,-,-,0.75,-
17-Oct-10,-,-,-,0.75,-
16-Oct-10,-,-,-,0.75,-
15-Oct-10,-,-,-,0.75,-
14-Oct-10,-,-,-,0.74,-
13-Oct-10,-,-,-,0.74,-
12-Oct-10,-,-,-,0.74,-
11-Oct-10,-,-,-,0.74,-
10-Oct-10,-,-,-,0.74,-
9-Oct-10,-,-,-,0.74,-
8-Oct-10,-,-,-,0.74,-
7-Oct-10,-,-,-,0.74,-
6-Oct-10,-,-,-,0.75,-
5-Oct-10,-,-,-,0.75,-
4-Oct-10,-,-,-,0.75,-
3-Oct-10,-,-,-,0.75,-
2-Oct-10,-,-,-,0.75,-
1-Oct-10,-,-,-,0.76,-
30-Sep-10,-,-,-,0.76,-
29-Sep-10,-,-,-,0.76,-
28-Sep-10,-,-,-,0.76,-
27-Sep-10,-,-,-,0.77,-
26-Sep-10,-,-,-,0.77,-
25-Sep-10,-,-,-,0.77,-
24-Sep-10,-,-,-,0.77,-
23-Sep-10,-,-,-,0.77,-
22-Sep-10,-,-,-,0.77,-
21-Sep-10,-,-,-,0.77,-
20-Sep-10,-,-,-,0.77,-
19-Sep-10,-,-,-,0.77,-
18-Sep-10,-,-,-,0.77,-
17-Sep-10,-,-,-,0.77,-
16-Sep-10,-,-,-,0.77,-
15-Sep-10,-,-,-,0.77,-
14-Sep-10,-,-,-,0.77,-
13-Sep-10,-,-,-,0.77,-
12-Sep-10,-,-,-,0.77,-
11-Sep-10,-,-,-,0.78,-
10-Sep-10,-,-,-,0.78,-
9-Sep-10,-,-,-,0.78,-
8-Sep-10,-,-,-,0.78,-
7-Sep-10,-,-,-,0.78,-
6-Sep-10,-,-,-,0.78,-
5-Sep-10,-,-,-,0.79,-
4-Sep-10,-,-,-,0.79,-
3-Sep-10,-,-,-,0.8,-
2-Sep-10,-,-,-,0.8,-
1-Sep-10,-,-,-,0.81,-
31-Aug-10,-,-,-,0.81,-
30-Aug-10,-,-,-,0.81,-
29-Aug-10,-,-,-,0.82,-
28-Aug-10,-,-,-,0.82,-
27-Aug-10,-,-,-,0.82,-
26-Aug-10,-,-,-,0.82,-
25-Aug-10,-,-,-,0.82,-
24-Aug-10,-,-,-,0.82,-
23-Aug-10,-,-,-,0.82,-
22-Aug-10,-,-,-,0.82,-
21-Aug-10,-,-,-,0.82,-
20-Aug-10,-,-,-,0.83,-
19-Aug-10,-,-,-,0.83,-
18-Aug-10,-,-,-,0.83,-
17-Aug-10,-,-,-,0.83,-
16-Aug-10,-,-,-,0.83,-
15-Aug-10,-,-,-,0.83,-
14-Aug-10,-,-,-,0.83,-
13-Aug-10,-,-,-,0.83,-
12-Aug-10,-,-,-,0.83,-
11-Aug-10,-,-,-,0.83,-
10-Aug-10,-,-,-,0.83,-
9-Aug-10,-,-,-,0.82,-
8-Aug-10,-,-,-,0.83,-
7-Aug-10,-,-,-,0.83,-
6-Aug-10,-,-,-,0.83,-
5-Aug-10,-,-,-,0.83,-
4-Aug-10,-,-,-,0.84,-
3-Aug-10,-,-,-,0.84,-
2-Aug-10,-,-,-,0.85,-
1-Aug-10,-,-,-,0.86,-
31-Jul-10,-,-,-,0.85,-
30-Jul-10,-,-,-,0.85,-
29-Jul-10,-,-,-,0.85,-
28-Jul-10,-,-,-,0.85,-
27-Jul-10,-,-,-,0.85,-
26-Jul-10,-,-,-,0.84,-
25-Jul-10,-,-,-,0.84,-
24-Jul-10,-,-,-,0.84,-
23-Jul-10,-,-,-,0.84,-
22-Jul-10,-,-,-,0.83,-
21-Jul-10,-,-,-,0.83,-
20-Jul-10,-,-,-,0.83,-
19-Jul-10,-,-,-,0.83,-
18-Jul-10,-,-,-,0.83,-
17-Jul-10,-,-,-,0.83,-
16-Jul-10,-,-,-,0.82,-
15-Jul-10,-,-,-,0.82,-
14-Jul-10,-,-,-,0.82,-
13-Jul-10,-,-,-,0.82,-
12-Jul-10,-,-,-,0.82,-
11-Jul-10,-,-,-,0.81,-
10-Jul-10,-,-,-,0.81,-
9-Jul-10,-,-,-,0.8,-
8-Jul-10,-,-,-,0.8,-
7-Jul-10,-,-,-,0.8,-
6-Jul-10,-,-,-,0.81,-
5-Jul-10,-,-,-,0.81,-
4-Jul-10,-,-,-,0.81,-
3-Jul-10,-,-,-,0.82,-
2-Jul-10,-,-,-,0.83,-
1-Jul-10,-,-,-,0.82,-
30-Jun-10,-,-,-,0.82,-
29-Jun-10,-,-,-,0.82,-
28-Jun-10,-,-,-,0.82,-
27-Jun-10,-,-,-,0.82,-
26-Jun-10,-,-,-,0.82,-
25-Jun-10,-,-,-,0.82,-
24-Jun-10,-,-,-,0.82,-
23-Jun-10,-,-,-,0.82,-
22-Jun-10,-,-,-,0.82,-
21-Jun-10,-,-,-,0.82,-
20-Jun-10,-,-,-,0.82,-
19-Jun-10,-,-,-,0.82,-
18-Jun-10,-,-,-,0.82,-
17-Jun-10,-,-,-,0.82,-
16-Jun-10,-,-,-,0.82,-
15-Jun-10,-,-,-,0.81,-
14-Jun-10,-,-,-,0.81,-
13-Jun-10,-,-,-,0.81,-
12-Jun-10,-,-,-,0.81,-
11-Jun-10,-,-,-,0.81,-
10-Jun-10,-,-,-,0.81,-
9-Jun-10,-,-,-,0.81,-
8-Jun-10,-,-,-,0.81,-
7-Jun-10,-,-,-,0.81,-
6-Jun-10,-,-,-,0.81,-
5-Jun-10,-,-,-,0.81,-
4-Jun-10,-,-,-,0.81,-
3-Jun-10,-,-,-,0.81,-
2-Jun-10,-,-,-,0.81,-
1-Jun-10,-,-,-,0.81,-
31-May-10,-,-,-,0.81,-
30-May-10,-,-,-,0.81,-
29-May-10,-,-,-,0.81,-
28-May-10,-,-,-,0.81,-
27-May-10,-,-,-,0.81,-
26-May-10,-,-,-,0.81,-
25-May-10,-,-,-,0.8,-
24-May-10,-,-,-,0.8,-
23-May-10,-,-,-,0.8,-
22-May-10,-,-,-,0.8,-
21-May-10,-,-,-,0.8,-
20-May-10,-,-,-,0.8,-
19-May-10,-,-,-,0.8,-
18-May-10,-,-,-,0.8,-
17-May-10,-,-,-,0.8,-
16-May-10,-,-,-,0.79,-
15-May-10,-,-,-,0.79,-
14-May-10,-,-,-,0.79,-
13-May-10,-,-,-,0.78,-
12-May-10,-,-,-,0.78,-
11-May-10,-,-,-,0.78,-
10-May-10,-,-,-,0.78,-
9-May-10,-,-,-,0.78,-
8-May-10,-,-,-,0.78,-
7-May-10,-,-,-,0.78,-
6-May-10,-,-,-,0.78,-
5-May-10,-,-,-,0.78,-
4-May-10,-,-,-,0.78,-
3-May-10,-,-,-,0.78,-
2-May-10,-,-,-,0.78,-
1-May-10,-,-,-,0.78,-
30-Apr-10,-,-,-,0.78,-
29-Apr-10,-,-,-,0.79,-
28-Apr-10,-,-,-,0.79,-
27-Apr-10,-,-,-,0.78,-
26-Apr-10,-,-,-,0.79,-
25-Apr-10,-,-,-,0.79,-
24-Apr-10,-,-,-,0.79,-
23-Apr-10,-,-,-,0.79,-
22-Apr-10,-,-,-,0.79,-
21-Apr-10,-,-,-,0.79,-
20-Apr-10,-,-,-,0.79,-
19-Apr-10,-,-,-,0.79,-
18-Apr-10,-,-,-,0.79,-
17-Apr-10,-,-,-,0.79,-
16-Apr-10,-,-,-,0.79,-
15-Apr-10,-,-,-,0.79,-
14-Apr-10,-,-,-,0.79,-
13-Apr-10,-,-,-,0.79,-
12-Apr-10,-,-,-,0.79,-
11-Apr-10,-,-,-,0.79,-
10-Apr-10,-,-,-,0.79,-
9-Apr-10,-,-,-,0.79,-
8-Apr-10,-,-,-,0.8,-
7-Apr-10,-,-,-,0.8,-
6-Apr-10,-,-,-,0.8,-
5-Apr-10,-,-,-,0.8,-
4-Apr-10,-,-,-,0.8,-
3-Apr-10,-,-,-,0.8,-
2-Apr-10,-,-,-,0.8,-
1-Apr-10,-,-,-,0.8,-
31-Mar-10,-,-,-,0.8,-
30-Mar-10,-,-,-,0.8,-
29-Mar-10,-,-,-,0.8,-
28-Mar-10,-,-,-,0.8,-
27-Mar-10,-,-,-,0.8,-
26-Mar-10,-,-,-,0.8,-
25-Mar-10,-,-,-,0.8,-
24-Mar-10,-,-,-,0.8,-
23-Mar-10,-,-,-,0.8,-
22-Mar-10,-,-,-,0.8,-
21-Mar-10,-,-,-,0.8,-
20-Mar-10,-,-,-,0.79,-
19-Mar-10,-,-,-,0.79,-
18-Mar-10,-,-,-,0.79,-
17-Mar-10,-,-,-,0.79,-
16-Mar-10,-,-,-,0.79,-
15-Mar-10,-,-,-,0.79,-
14-Mar-10,-,-,-,0.79,-
13-Mar-10,-,-,-,0.8,-
12-Mar-10,-,-,-,0.79,-
11-Mar-10,-,-,-,0.79,-
10-Mar-10,-,-,-,0.79,-
9-Mar-10,-,-,-,0.78,-
8-Mar-10,-,-,-,0.78,-
7-Mar-10,-,-,-,0.77,-
6-Mar-10,-,-,-,0.77,-
5-Mar-10,-,-,-,0.76,-
4-Mar-10,-,-,-,0.75,-
3-Mar-10,-,-,-,0.75,-
2-Mar-10,-,-,-,0.75,-
1-Mar-10,-,-,-,0.75,-
28-Feb-10,-,-,-,0.75,-
27-Feb-10,-,-,-,0.75,-
26-Feb-10,-,-,-,0.76,-
25-Feb-10,-,-,-,0.76,-
24-Feb-10,-,-,-,0.76,-
23-Feb-10,-,-,-,0.77,-
22-Feb-10,-,-,-,0.76,-
21-Feb-10,-,-,-,0.76,-
20-Feb-10,-,-,-,0.76,-
19-Feb-10,-,-,-,0.75,-
18-Feb-10,-,-,-,0.75,-
17-Feb-10,-,-,-,0.75,-
16-Feb-10,-,-,-,0.74,-
15-Feb-10,-,-,-,0.74,-
14-Feb-10,-,-,-,0.74,-
13-Feb-10,-,-,-,0.73,-
12-Feb-10,-,-,-,0.74,-
11-Feb-10,-,-,-,0.74,-
10-Feb-10,-,-,-,0.74,-
9-Feb-10,-,-,-,0.74,-
8-Feb-10,-,-,-,0.74,-
7-Feb-10,-,-,-,0.75,-
6-Feb-10,-,-,-,0.75,-
5-Feb-10,-,-,-,0.75,-
4-Feb-10,-,-,-,0.76,-
3-Feb-10,-,-,-,0.76,-
2-Feb-10,-,-,-,0.76,-
1-Feb-10,-,-,-,0.76,-
31-Jan-10,-,-,-,0.76,-
30-Jan-10,-,-,-,0.76,-
29-Jan-10,-,-,-,0.76,-
28-Jan-10,-,-,-,0.75,-
27-Jan-10,-,-,-,0.75,-
26-Jan-10,-,-,-,0.75,-
25-Jan-10,-,-,-,0.74,-
24-Jan-10,-,-,-,0.74,-
23-Jan-10,-,-,-,0.74,-
22-Jan-10,-,-,-,0.74,-
21-Jan-10,-,-,-,0.73,-
20-Jan-10,-,-,-,0.73,-
19-Jan-10,-,-,-,0.73,-
18-Jan-10,-,-,-,0.73,-
17-Jan-10,-,-,-,0.73,-
16-Jan-10,-,-,-,0.73,-
15-Jan-10,-,-,-,0.72,-
14-Jan-10,-,-,-,0.72,-
13-Jan-10,-,-,-,0.72,-
12-Jan-10,-,-,-,0.72,-
11-Jan-10,-,-,-,0.73,-
10-Jan-10,-,-,-,0.73,-
9-Jan-10,-,-,-,0.73,-
8-Jan-10,-,-,-,0.73,-
7-Jan-10,-,-,-,0.73,-
6-Jan-10,-,-,-,0.73,-
5-Jan-10,-,-,-,0.75,-
4-Jan-10,-,-,-,0.75,-
3-Jan-10,-,-,-,0.75,-
2-Jan-10,-,-,-,0.75,-
1-Jan-10,-,-,-,0.75,-
31-Dec-09,-,-,-,0.75,-
30-Dec-09,-,-,-,0.74,-
29-Dec-09,-,-,-,0.72,-
28-Dec-09,-,-,-,0.71,-
27-Dec-09,-,-,-,0.7,-
26-Dec-09,-,-,-,0.7,-
25-Dec-09,-,-,-,0.69,-
24-Dec-09,-,-,-,0.69,-
23-Dec-09,-,-,-,0.7,-
22-Dec-09,-,-,-,0.69,-
21-Dec-09,-,-,-,0.69,-
20-Dec-09,-,-,-,0.69,-
19-Dec-09,-,-,-,0.69,-
18-Dec-09,-,-,-,0.69,-
17-Dec-09,-,-,-,0.69,-
16-Dec-09,-,-,-,0.69,-
15-Dec-09,-,-,-,0.69,-
14-Dec-09,-,-,-,0.68,-
13-Dec-09,-,-,-,0.68,-
12-Dec-09,-,-,-,0.68,-
11-Dec-09,-,-,-,0.68,-
10-Dec-09,-,-,-,0.68,-
9-Dec-09,-,-,-,0.68,-
8-Dec-09,-,-,-,0.68,-
7-Dec-09,-,-,-,0.68,-
6-Dec-09,-,-,-,0.68,-
5-Dec-09,-,-,-,0.68,-
4-Dec-09,-,-,-,0.69,-
3-Dec-09,-,-,-,0.7,-
2-Dec-09,-,-,-,0.7,-
1-Dec-09,-,-,-,0.7,-
30-Nov-09,-,-,-,0.71,-
29-Nov-09,-,-,-,0.71,-
28-Nov-09,-,-,-,0.71,-
27-Nov-09,-,-,-,0.7,-
26-Nov-09,-,-,-,0.7,-
25-Nov-09,-,-,-,0.7,-
24-Nov-09,-,-,-,0.7,-
23-Nov-09,-,-,-,0.7,-
22-Nov-09,-,-,-,0.7,-
21-Nov-09,-,-,-,0.7,-
20-Nov-09,-,-,-,0.7,-
19-Nov-09,-,-,-,0.7,-
18-Nov-09,-,-,-,0.7,-
17-Nov-09,-,-,-,0.7,-
16-Nov-09,-,-,-,0.7,-
15-Nov-09,-,-,-,0.7,-
14-Nov-09,-,-,-,0.7,-
13-Nov-09,-,-,-,0.7,-
12-Nov-09,-,-,-,0.7,-
11-Nov-09,-,-,-,0.7,-
10-Nov-09,-,-,-,0.7,-
9-Nov-09,-,-,-,0.7,-
8-Nov-09,-,-,-,0.7,-
7-Nov-09,-,-,-,0.7,-
6-Nov-09,-,-,-,0.7,-
5-Nov-09,-,-,-,0.7,-
4-Nov-09,-,-,-,0.7,-
3-Nov-09,-,-,-,0.7,-
2-Nov-09,-,-,-,0.7,-
1-Nov-09,-,-,-,0.7,-
31-Oct-09,-,-,-,0.7,-
30-Oct-09,-,-,-,0.71,-
29-Oct-09,-,-,-,0.71,-
28-Oct-09,-,-,-,0.71,-
27-Oct-09,-,-,-,0.72,-
26-Oct-09,-,-,-,0.72,-
25-Oct-09,-,-,-,0.72,-
24-Oct-09,-,-,-,0.72,-
23-Oct-09,-,-,-,0.71,-
22-Oct-09,-,-,-,0.71,-
21-Oct-09,-,-,-,0.71,-
20-Oct-09,-,-,-,0.71,-
19-Oct-09,-,-,-,0.71,-
18-Oct-09,-,-,-,0.72,-
17-Oct-09,-,-,-,0.72,-
16-Oct-09,-,-,-,0.72,-
15-Oct-09,-,-,-,0.72,-
14-Oct-09,-,-,-,0.72,-
13-Oct-09,-,-,-,0.72,-
12-Oct-09,-,-,-,0.72,-
11-Oct-09,-,-,-,0.72,-
10-Oct-09,-,-,-,0.73,-
9-Oct-09,-,-,-,0.73,-
8-Oct-09,-,-,-,0.73,-
7-Oct-09,-,-,-,0.73,-
6-Oct-09,-,-,-,0.74,-
5-Oct-09,-,-,-,0.74,-
4-Oct-09,-,-,-,0.74,-
3-Oct-09,-,-,-,0.75,-
2-Oct-09,-,-,-,0.75,-
1-Oct-09,-,-,-,0.75,-
30-Sep-09,-,-,-,0.75,-
29-Sep-09,-,-,-,0.75,-
28-Sep-09,-,-,-,0.75,-
27-Sep-09,-,-,-,0.75,-
26-Sep-09,-,-,-,0.75,-
25-Sep-09,-,-,-,0.76,-
24-Sep-09,-,-,-,0.76,-
23-Sep-09,-,-,-,0.76,-
22-Sep-09,-,-,-,0.76,-
21-Sep-09,-,-,-,0.75,-
20-Sep-09,-,-,-,0.75,-
19-Sep-09,-,-,-,0.75,-
18-Sep-09,-,-,-,0.75,-
17-Sep-09,-,-,-,0.75,-
16-Sep-09,-,-,-,0.75,-
15-Sep-09,-,-,-,0.75,-
14-Sep-09,-,-,-,0.76,-
13-Sep-09,-,-,-,0.76,-
12-Sep-09,-,-,-,0.76,-
11-Sep-09,-,-,-,0.77,-
10-Sep-09,-,-,-,0.77,-
9-Sep-09,-,-,-,0.77,-
8-Sep-09,-,-,-,0.78,-
7-Sep-09,-,-,-,0.77,-
6-Sep-09,-,-,-,0.78,-
5-Sep-09,-,-,-,0.78,-
4-Sep-09,-,-,-,0.78,-
3-Sep-09,-,-,-,0.79,-
2-Sep-09,-,-,-,0.79,-
1-Sep-09,-,-,-,0.8,-
31-Aug-09,-,-,-,0.8,-
30-Aug-09,-,-,-,0.81,-
29-Aug-09,-,-,-,0.82,-
28-Aug-09,-,-,-,0.83,-
27-Aug-09,-,-,-,0.83,-
26-Aug-09,-,-,-,0.84,-
25-Aug-09,-,-,-,0.84,-
24-Aug-09,-,-,-,0.85,-
23-Aug-09,-,-,-,0.85,-
22-Aug-09,-,-,-,0.85,-
21-Aug-09,-,-,-,0.85,-
20-Aug-09,-,-,-,0.85,-
19-Aug-09,-,-,-,0.85,-
18-Aug-09,-,-,-,0.86,-
17-Aug-09,-,-,-,0.87,-
16-Aug-09,-,-,-,0.87,-
15-Aug-09,-,-,-,0.87,-
14-Aug-09,-,-,-,0.88,-
13-Aug-09,-,-,-,0.88,-
12-Aug-09,-,-,-,0.89,-
11-Aug-09,-,-,-,0.89,-
10-Aug-09,-,-,-,0.89,-
9-Aug-09,-,-,-,0.9,-
8-Aug-09,-,-,-,0.9,-
7-Aug-09,-,-,-,0.91,-
6-Aug-09,-,-,-,0.91,-
5-Aug-09,-,-,-,0.91,-
4-Aug-09,-,-,-,0.91,-
3-Aug-09,-,-,-,0.91,-
2-Aug-09,-,-,-,0.91,-
1-Aug-09,-,-,-,0.9,-
31-Jul-09,-,-,-,0.9,-
30-Jul-09,-,-,-,0.89,-
29-Jul-09,-,-,-,0.89,-
28-Jul-09,-,-,-,0.89,-
27-Jul-09,-,-,-,0.88,-
26-Jul-09,-,-,-,0.88,-
25-Jul-09,-,-,-,0.87,-
24-Jul-09,-,-,-,0.87,-
23-Jul-09,-,-,-,0.86,-
22-Jul-09,-,-,-,0.86,-
21-Jul-09,-,-,-,0.85,-
20-Jul-09,-,-,-,0.85,-
19-Jul-09,-,-,-,0.85,-
18-Jul-09,-,-,-,0.85,-
17-Jul-09,-,-,-,0.85,-
16-Jul-09,-,-,-,0.85,-
15-Jul-09,-,-,-,0.85,-
14-Jul-09,-,-,-,0.85,-
13-Jul-09,-,-,-,0.85,-
12-Jul-09,-,-,-,0.85,-
11-Jul-09,-,-,-,0.84,-
10-Jul-09,-,-,-,0.83,-
9-Jul-09,-,-,-,0.83,-
8-Jul-09,-,-,-,0.83,-
7-Jul-09,-,-,-,0.84,-
6-Jul-09,-,-,-,0.84,-
5-Jul-09,-,-,-,0.83,-
4-Jul-09,-,-,-,0.84,-
3-Jul-09,-,-,-,0.84,-
2-Jul-09,-,-,-,0.83,-
1-Jul-09,-,-,-,0.83,-
30-Jun-09,-,-,-,0.83,-
29-Jun-09,-,-,-,0.82,-
28-Jun-09,-,-,-,0.83,-
27-Jun-09,-,-,-,0.83,-
26-Jun-09,-,-,-,0.83,-
25-Jun-09,-,-,-,0.84,-
24-Jun-09,-,-,-,0.84,-
23-Jun-09,-,-,-,0.84,-
22-Jun-09,-,-,-,0.84,-
21-Jun-09,-,-,-,0.84,-
20-Jun-09,-,-,-,0.84,-
19-Jun-09,-,-,-,0.83,-
18-Jun-09,-,-,-,0.83,-
17-Jun-09,-,-,-,0.83,-
16-Jun-09,-,-,-,0.84,-
15-Jun-09,-,-,-,0.84,-
14-Jun-09,-,-,-,0.84,-
13-Jun-09,-,-,-,0.84,-
12-Jun-09,-,-,-,0.84,-
11-Jun-09,-,-,-,0.84,-
10-Jun-09,-,-,-,0.84,-
9-Jun-09,-,-,-,0.83,-
8-Jun-09,-,-,-,0.84,-
7-Jun-09,-,-,-,0.84,-
6-Jun-09,-,-,-,0.84,-
5-Jun-09,-,-,-,0.84,-
4-Jun-09,-,-,-,0.84,-
3-Jun-09,-,-,-,0.85,-
2-Jun-09,-,-,-,0.85,-
1-Jun-09,-,-,-,0.85,-
31-May-09,-,-,-,0.84,-
30-May-09,-,-,-,0.84,-
29-May-09,-,-,-,0.84,-
28-May-09,-,-,-,0.84,-
27-May-09,-,-,-,0.84,-
26-May-09,-,-,-,0.83,-
25-May-09,-,-,-,0.83,-
24-May-09,-,-,-,0.84,-
23-May-09,-,-,-,0.83,-
22-May-09,-,-,-,0.83,-
21-May-09,-,-,-,0.84,-
20-May-09,-,-,-,0.84,-
19-May-09,-,-,-,0.84,-
18-May-09,-,-,-,0.83,-
17-May-09,-,-,-,0.83,-
16-May-09,-,-,-,0.82,-
15-May-09,-,-,-,0.82,-
14-May-09,-,-,-,0.8,-
13-May-09,-,-,-,0.8,-
12-May-09,-,-,-,0.79,-
11-May-09,-,-,-,0.79,-
10-May-09,-,-,-,0.79,-
9-May-09,-,-,-,0.79,-
8-May-09,-,-,-,0.79,-
7-May-09,-,-,-,0.79,-
6-May-09,-,-,-,0.79,-
5-May-09,-,-,-,0.79,-
4-May-09,-,-,-,0.79,-
3-May-09,-,-,-,0.79,-
2-May-09,-,-,-,0.8,-
1-May-09,-,-,-,0.8,-
30-Apr-09,-,-,-,0.8,-
29-Apr-09,-,-,-,0.8,-
28-Apr-09,-,-,-,0.8,-
27-Apr-09,-,-,-,0.8,-
26-Apr-09,-,-,-,0.8,-
25-Apr-09,-,-,-,0.81,-
24-Apr-09,-,-,-,0.81,-
23-Apr-09,-,-,-,0.81,-
22-Apr-09,-,-,-,0.8,-
21-Apr-09,-,-,-,0.8,-
20-Apr-09,-,-,-,0.8,-
19-Apr-09,-,-,-,0.8,-
18-Apr-09,-,-,-,0.8,-
17-Apr-09,-,-,-,0.8,-
16-Apr-09,-,-,-,0.8,-
15-Apr-09,-,-,-,0.81,-
14-Apr-09,-,-,-,0.81,-
13-Apr-09,-,-,-,0.81,-
12-Apr-09,-,-,-,0.81,-
11-Apr-09,-,-,-,0.8,-
10-Apr-09,-,-,-,0.8,-
9-Apr-09,-,-,-,0.8,-
8-Apr-09,-,-,-,0.8,-
7-Apr-09,-,-,-,0.79,-
6-Apr-09,-,-,-,0.8,-
5-Apr-09,-,-,-,0.8,-
4-Apr-09,-,-,-,0.8,-
3-Apr-09,-,-,-,0.8,-
2-Apr-09,-,-,-,0.8,-
1-Apr-09,-,-,-,0.8,-
31-Mar-09,-,-,-,0.8,-
30-Mar-09,-,-,-,0.79,-
29-Mar-09,-,-,-,0.79,-
28-Mar-09,-,-,-,0.8,-
27-Mar-09,-,-,-,0.8,-
26-Mar-09,-,-,-,0.8,-
25-Mar-09,-,-,-,0.8,-
24-Mar-09,-,-,-,0.79,-
23-Mar-09,-,-,-,0.79,-
22-Mar-09,-,-,-,0.79,-
21-Mar-09,-,-,-,0.79,-
20-Mar-09,-,-,-,0.78,-
19-Mar-09,-,-,-,0.78,-
18-Mar-09,-,-,-,0.78,-
17-Mar-09,-,-,-,0.77,-
16-Mar-09,-,-,-,0.77,-
15-Mar-09,-,-,-,0.77,-
14-Mar-09,-,-,-,0.77,-
13-Mar-09,-,-,-,0.77,-
12-Mar-09,-,-,-,0.77,-
11-Mar-09,-,-,-,0.77,-
10-Mar-09,-,-,-,0.77,-
9-Mar-09,-,-,-,0.76,-
8-Mar-09,-,-,-,0.76,-
7-Mar-09,-,-,-,0.76,-
6-Mar-09,-,-,-,0.76,-
5-Mar-09,-,-,-,0.76,-
4-Mar-09,-,-,-,0.76,-
3-Mar-09,-,-,-,0.76,-
2-Mar-09,-,-,-,0.76,-
1-Mar-09,-,-,-,0.76,-
28-Feb-09,-,-,-,0.76,-
27-Feb-09,-,-,-,0.76,-
26-Feb-09,-,-,-,0.76,-
25-Feb-09,-,-,-,0.76,-
24-Feb-09,-,-,-,0.77,-
23-Feb-09,-,-,-,0.77,-
22-Feb-09,-,-,-,0.78,-
21-Feb-09,-,-,-,0.78,-
20-Feb-09,-,-,-,0.78,-
19-Feb-09,-,-,-,0.78,-
18-Feb-09,-,-,-,0.78,-
17-Feb-09,-,-,-,0.77,-
16-Feb-09,-,-,-,0.77,-
15-Feb-09,-,-,-,0.76,-
14-Feb-09,-,-,-,0.76,-
13-Feb-09,-,-,-,0.76,-
12-Feb-09,-,-,-,0.76,-
11-Feb-09,-,-,-,0.76,-
10-Feb-09,-,-,-,0.76,-
9-Feb-09,-,-,-,0.76,-
8-Feb-09,-,-,-,0.76,-
7-Feb-09,-,-,-,0.75,-
6-Feb-09,-,-,-,0.75,-
5-Feb-09,-,-,-,0.74,-
4-Feb-09,-,-,-,0.74,-
3-Feb-09,-,-,-,0.74,-
2-Feb-09,-,-,-,0.73,-
1-Feb-09,-,-,-,0.74,-
31-Jan-09,-,-,-,0.74,-
30-Jan-09,-,-,-,0.74,-
29-Jan-09,-,-,-,0.74,-
28-Jan-09,-,-,-,0.74,-
27-Jan-09,-,-,-,0.75,-
26-Jan-09,-,-,-,0.75,-
25-Jan-09,-,-,-,0.75,-
24-Jan-09,-,-,-,0.75,-
23-Jan-09,-,-,-,0.75,-
22-Jan-09,-,-,-,0.75,-
21-Jan-09,-,-,-,0.76,-
20-Jan-09,-,-,-,0.75,-
19-Jan-09,-,-,-,0.76,-
18-Jan-09,-,-,-,0.76,-
17-Jan-09,-,-,-,0.75,-
16-Jan-09,-,-,-,0.75,-
15-Jan-09,-,-,-,0.75,-
14-Jan-09,-,-,-,0.75,-
13-Jan-09,-,-,-,0.75,-
12-Jan-09,-,-,-,0.75,-
11-Jan-09,-,-,-,0.75,-
10-Jan-09,-,-,-,0.75,-
9-Jan-09,-,-,-,0.76,-
8-Jan-09,-,-,-,0.76,-
7-Jan-09,-,-,-,0.76,-
6-Jan-09,-,-,-,0.76,-
5-Jan-09,-,-,-,0.77,-
4-Jan-09,-,-,-,0.77,-
3-Jan-09,-,-,-,0.77,-
2-Jan-09,-,-,-,0.77,-
1-Jan-09,-,-,-,0.77,-
31-Dec-08,-,-,-,0.77,-
30-Dec-08,-,-,-,0.76,-
29-Dec-08,-,-,-,0.76,-
28-Dec-08,-,-,-,0.75,-
27-Dec-08,-,-,-,0.75,-
26-Dec-08,-,-,-,0.74,-
25-Dec-08,-,-,-,0.72,-
24-Dec-08,-,-,-,0.72,-
23-Dec-08,-,-,-,0.72,-
22-Dec-08,-,-,-,0.72,-
21-Dec-08,-,-,-,0.71,-
20-Dec-08,-,-,-,0.71,-
19-Dec-08,-,-,-,0.71,-
18-Dec-08,-,-,-,0.71,-
17-Dec-08,-,-,-,0.71,-
16-Dec-08,-,-,-,0.71,-
15-Dec-08,-,-,-,0.71,-
14-Dec-08,-,-,-,0.71,-
13-Dec-08,-,-,-,0.71,-
12-Dec-08,-,-,-,0.71,-
11-Dec-08,-,-,-,0.71,-
10-Dec-08,-,-,-,0.71,-
9-Dec-08,-,-,-,0.71,-
8-Dec-08,-,-,-,0.72,-
7-Dec-08,-,-,-,0.72,-
6-Dec-08,-,-,-,0.72,-
5-Dec-08,-,-,-,0.73,-
4-Dec-08,-,-,-,0.74,-
3-Dec-08,-,-,-,0.74,-
2-Dec-08,-,-,-,0.74,-
1-Dec-08,-,-,-,0.74,-
30-Nov-08,-,-,-,0.74,-
29-Nov-08,-,-,-,0.74,-
28-Nov-08,-,-,-,0.74,-
27-Nov-08,-,-,-,0.73,-
26-Nov-08,-,-,-,0.73,-
25-Nov-08,-,-,-,0.73,-
24-Nov-08,-,-,-,0.73,-
23-Nov-08,-,-,-,0.73,-
22-Nov-08,-,-,-,0.73,-
21-Nov-08,-,-,-,0.73,-
20-Nov-08,-,-,-,0.73,-
19-Nov-08,-,-,-,0.72,-
18-Nov-08,-,-,-,0.72,-
17-Nov-08,-,-,-,0.72,-
16-Nov-08,-,-,-,0.72,-
15-Nov-08,-,-,-,0.72,-
14-Nov-08,-,-,-,0.73,-
13-Nov-08,-,-,-,0.73,-
12-Nov-08,-,-,-,0.72,-
11-Nov-08,-,-,-,0.71,-
10-Nov-08,-,-,-,0.7,-
9-Nov-08,-,-,-,0.69,-
8-Nov-08,-,-,-,0.69,-
7-Nov-08,-,-,-,0.69,-
6-Nov-08,-,-,-,0.69,-
5-Nov-08,-,-,-,0.69,-
4-Nov-08,-,-,-,0.7,-
3-Nov-08,-,-,-,0.71,-
2-Nov-08,-,-,-,0.71,-
1-Nov-08,-,-,-,0.71,-
31-Oct-08,-,-,-,0.71,-
30-Oct-08,-,-,-,0.72,-
29-Oct-08,-,-,-,0.72,-
28-Oct-08,-,-,-,0.73,-
27-Oct-08,-,-,-,0.73,-
26-Oct-08,-,-,-,0.74,-
25-Oct-08,-,-,-,0.74,-
24-Oct-08,-,-,-,0.74,-
23-Oct-08,-,-,-,0.74,-
22-Oct-08,-,-,-,0.74,-
21-Oct-08,-,-,-,0.75,-
20-Oct-08,-,-,-,0.74,-
19-Oct-08,-,-,-,0.75,-
18-Oct-08,-,-,-,0.75,-
17-Oct-08,-,-,-,0.75,-
16-Oct-08,-,-,-,0.75,-
15-Oct-08,-,-,-,0.75,-
14-Oct-08,-,-,-,0.75,-
13-Oct-08,-,-,-,0.75,-
12-Oct-08,-,-,-,0.75,-
11-Oct-08,-,-,-,0.75,-
10-Oct-08,-,-,-,0.76,-
9-Oct-08,-,-,-,0.76,-
8-Oct-08,-,-,-,0.76,-
7-Oct-08,-,-,-,0.76,-
6-Oct-08,-,-,-,0.76,-
5-Oct-08,-,-,-,0.76,-
4-Oct-08,-,-,-,0.76,-
3-Oct-08,-,-,-,0.76,-
2-Oct-08,-,-,-,0.76,-
1-Oct-08,-,-,-,0.76,-
30-Sep-08,-,-,-,0.77,-
29-Sep-08,-,-,-,0.77,-
28-Sep-08,-,-,-,0.78,-
27-Sep-08,-,-,-,0.78,-
26-Sep-08,-,-,-,0.78,-
25-Sep-08,-,-,-,0.79,-
24-Sep-08,-,-,-,0.79,-
23-Sep-08,-,-,-,0.78,-
22-Sep-08,-,-,-,0.78,-
21-Sep-08,-,-,-,0.78,-
20-Sep-08,-,-,-,0.78,-
19-Sep-08,-,-,-,0.78,-
18-Sep-08,-,-,-,0.78,-
17-Sep-08,-,-,-,0.78,-
16-Sep-08,-,-,-,0.78,-
15-Sep-08,-,-,-,0.78,-
14-Sep-08,-,-,-,0.79,-
13-Sep-08,-,-,-,0.79,-
12-Sep-08,-,-,-,0.79,-
11-Sep-08,-,-,-,0.79,-
10-Sep-08,-,-,-,0.79,-
9-Sep-08,-,-,-,0.79,-
8-Sep-08,-,-,-,0.8,-
7-Sep-08,-,-,-,0.8,-
6-Sep-08,-,-,-,0.8,-
5-Sep-08,-,-,-,0.81,-
4-Sep-08,-,-,-,0.81,-
3-Sep-08,-,-,-,0.82,-
2-Sep-08,-,-,-,0.82,-
1-Sep-08,-,-,-,0.82,-
31-Aug-08,-,-,-,0.83,-
30-Aug-08,-,-,-,0.83,-
29-Aug-08,-,-,-,0.84,-
28-Aug-08,-,-,-,0.84,-
27-Aug-08,-,-,-,0.85,-
26-Aug-08,-,-,-,0.85,-
25-Aug-08,-,-,-,0.85,-
24-Aug-08,-,-,-,0.85,-
23-Aug-08,-,-,-,0.85,-
22-Aug-08,-,-,-,0.85,-
21-Aug-08,-,-,-,0.86,-
20-Aug-08,-,-,-,0.85,-
19-Aug-08,-,-,-,0.85,-
18-Aug-08,-,-,-,0.85,-
17-Aug-08,-,-,-,0.85,-
16-Aug-08,-,-,-,0.85,-
15-Aug-08,-,-,-,0.85,-
14-Aug-08,-,-,-,0.85,-
13-Aug-08,-,-,-,0.85,-
12-Aug-08,-,-,-,0.85,-
11-Aug-08,-,-,-,0.86,-
10-Aug-08,-,-,-,0.86,-
9-Aug-08,-,-,-,0.87,-
8-Aug-08,-,-,-,0.88,-
7-Aug-08,-,-,-,0.88,-
6-Aug-08,-,-,-,0.88,-
5-Aug-08,-,-,-,0.88,-
4-Aug-08,-,-,-,0.88,-
3-Aug-08,-,-,-,0.88,-
2-Aug-08,-,-,-,0.89,-
1-Aug-08,-,-,-,0.89,-
31-Jul-08,-,-,-,0.9,-
30-Jul-08,-,-,-,0.9,-
29-Jul-08,-,-,-,0.91,-
28-Jul-08,-,-,-,0.91,-
27-Jul-08,-,-,-,0.91,-
26-Jul-08,-,-,-,0.91,-
25-Jul-08,-,-,-,0.91,-
24-Jul-08,-,-,-,0.9,-
23-Jul-08,-,-,-,0.9,-
22-Jul-08,-,-,-,0.9,-
21-Jul-08,-,-,-,0.9,-
20-Jul-08,-,-,-,0.9,-
19-Jul-08,-,-,-,0.9,-
18-Jul-08,-,-,-,0.9,-
17-Jul-08,-,-,-,0.9,-
16-Jul-08,-,-,-,0.91,-
15-Jul-08,-,-,-,0.91,-
14-Jul-08,-,-,-,0.91,-
13-Jul-08,-,-,-,0.92,-
12-Jul-08,-,-,-,0.92,-
11-Jul-08,-,-,-,0.92,-
10-Jul-08,-,-,-,0.92,-
9-Jul-08,-,-,-,0.92,-
8-Jul-08,-,-,-,0.92,-
7-Jul-08,-,-,-,0.92,-
6-Jul-08,-,-,-,0.92,-
5-Jul-08,-,-,-,0.92,-
4-Jul-08,-,-,-,0.93,-
3-Jul-08,-,-,-,0.93,-
2-Jul-08,-,-,-,0.93,-
1-Jul-08,-,-,-,0.94,-
30-Jun-08,-,-,-,0.94,-
29-Jun-08,-,-,-,0.94,-
28-Jun-08,-,-,-,0.94,-
27-Jun-08,-,-,-,0.94,-
26-Jun-08,-,-,-,0.94,-
25-Jun-08,-,-,-,0.94,-
24-Jun-08,-,-,-,0.93,-
23-Jun-08,-,-,-,0.93,-
22-Jun-08,-,-,-,0.93,-
21-Jun-08,-,-,-,0.93,-
20-Jun-08,-,-,-,0.93,-
19-Jun-08,-,-,-,0.92,-
18-Jun-08,-,-,-,0.92,-
17-Jun-08,-,-,-,0.93,-
16-Jun-08,-,-,-,0.93,-
15-Jun-08,-,-,-,0.93,-
14-Jun-08,-,-,-,0.93,-
13-Jun-08,-,-,-,0.93,-
12-Jun-08,-,-,-,0.93,-
11-Jun-08,-,-,-,0.92,-
10-Jun-08,-,-,-,0.92,-
9-Jun-08,-,-,-,0.92,-
8-Jun-08,-,-,-,0.92,-
7-Jun-08,-,-,-,0.92,-
6-Jun-08,-,-,-,0.92,-
5-Jun-08,-,-,-,0.93,-
4-Jun-08,-,-,-,0.93,-
3-Jun-08,-,-,-,0.93,-
2-Jun-08,-,-,-,0.93,-
1-Jun-08,-,-,-,0.93,-
31-May-08,-,-,-,0.93,-
30-May-08,-,-,-,0.94,-
29-May-08,-,-,-,0.94,-
28-May-08,-,-,-,0.94,-
27-May-08,-,-,-,0.93,-
26-May-08,-,-,-,0.93,-
25-May-08,-,-,-,0.93,-
24-May-08,-,-,-,0.92,-
23-May-08,-,-,-,0.92,-
22-May-08,-,-,-,0.91,-
21-May-08,-,-,-,0.91,-
20-May-08,-,-,-,0.91,-
19-May-08,-,-,-,0.9,-
18-May-08,-,-,-,0.9,-
17-May-08,-,-,-,0.89,-
16-May-08,-,-,-,0.89,-
15-May-08,-,-,-,0.89,-
14-May-08,-,-,-,0.89,-
13-May-08,-,-,-,0.88,-
12-May-08,-,-,-,0.88,-
11-May-08,-,-,-,0.87,-
10-May-08,-,-,-,0.87,-
9-May-08,-,-,-,0.87,-
8-May-08,-,-,-,0.87,-
7-May-08,-,-,-,0.86,-
6-May-08,-,-,-,0.86,-
5-May-08,-,-,-,0.86,-
4-May-08,-,-,-,0.86,-
3-May-08,-,-,-,0.87,-
2-May-08,-,-,-,0.87,-
1-May-08,-,-,-,0.88,-
30-Apr-08,-,-,-,0.89,-
29-Apr-08,-,-,-,0.89,-
28-Apr-08,-,-,-,0.9,-
27-Apr-08,-,-,-,0.9,-
26-Apr-08,-,-,-,0.9,-
25-Apr-08,-,-,-,0.9,-
24-Apr-08,-,-,-,0.89,-
23-Apr-08,-,-,-,0.89,-
22-Apr-08,-,-,-,0.88,-
21-Apr-08,-,-,-,0.87,-
20-Apr-08,-,-,-,0.86,-
19-Apr-08,-,-,-,0.86,-
18-Apr-08,-,-,-,0.85,-
17-Apr-08,-,-,-,0.85,-
16-Apr-08,-,-,-,0.84,-
15-Apr-08,-,-,-,0.84,-
14-Apr-08,-,-,-,0.84,-
13-Apr-08,-,-,-,0.84,-
12-Apr-08,-,-,-,0.84,-
11-Apr-08,-,-,-,0.84,-
10-Apr-08,-,-,-,0.84,-
9-Apr-08,-,-,-,0.84,-
8-Apr-08,-,-,-,0.83,-
7-Apr-08,-,-,-,0.83,-
6-Apr-08,-,-,-,0.83,-
5-Apr-08,-,-,-,0.84,-
4-Apr-08,-,-,-,0.84,-
3-Apr-08,-,-,-,0.85,-
2-Apr-08,-,-,-,0.85,-
1-Apr-08,-,-,-,0.86,-
31-Mar-08,-,-,-,0.86,-
30-Mar-08,-,-,-,0.87,-
29-Mar-08,-,-,-,0.87,-
28-Mar-08,-,-,-,0.87,-
27-Mar-08,-,-,-,0.87,-
26-Mar-08,-,-,-,0.87,-
25-Mar-08,-,-,-,0.86,-
24-Mar-08,-,-,-,0.86,-
23-Mar-08,-,-,-,0.85,-
22-Mar-08,-,-,-,0.85,-
21-Mar-08,-,-,-,0.85,-
20-Mar-08,-,-,-,0.84,-
19-Mar-08,-,-,-,0.84,-
18-Mar-08,-,-,-,0.84,-
17-Mar-08,-,-,-,0.85,-
16-Mar-08,-,-,-,0.85,-
15-Mar-08,-,-,-,0.85,-
14-Mar-08,-,-,-,0.84,-
13-Mar-08,-,-,-,0.83,-
12-Mar-08,-,-,-,0.83,-
11-Mar-08,-,-,-,0.83,-
10-Mar-08,-,-,-,0.82,-
9-Mar-08,-,-,-,0.82,-
8-Mar-08,-,-,-,0.82,-
7-Mar-08,-,-,-,0.82,-
6-Mar-08,-,-,-,0.82,-
5-Mar-08,-,-,-,0.82,-
4-Mar-08,-,-,-,0.82,-
3-Mar-08,-,-,-,0.82,-
2-Mar-08,-,-,-,0.81,-
1-Mar-08,-,-,-,0.81,-
29-Feb-08,-,-,-,0.81,-
28-Feb-08,-,-,-,0.81,-
27-Feb-08,-,-,-,0.81,-
26-Feb-08,-,-,-,0.81,-
25-Feb-08,-,-,-,0.81,-
24-Feb-08,-,-,-,0.81,-
23-Feb-08,-,-,-,0.82,-
22-Feb-08,-,-,-,0.82,-
21-Feb-08,-,-,-,0.82,-
20-Feb-08,-,-,-,0.81,-
19-Feb-08,-,-,-,0.81,-
18-Feb-08,-,-,-,0.8,-
17-Feb-08,-,-,-,0.8,-
16-Feb-08,-,-,-,0.79,-
15-Feb-08,-,-,-,0.79,-
14-Feb-08,-,-,-,0.79,-
13-Feb-08,-,-,-,0.8,-
12-Feb-08,-,-,-,0.8,-
11-Feb-08,-,-,-,0.8,-
10-Feb-08,-,-,-,0.8,-
9-Feb-08,-,-,-,0.79,-
8-Feb-08,-,-,-,0.79,-
7-Feb-08,-,-,-,0.78,-
6-Feb-08,-,-,-,0.78,-
5-Feb-08,-,-,-,0.78,-
4-Feb-08,-,-,-,0.78,-
3-Feb-08,-,-,-,0.78,-
2-Feb-08,-,-,-,0.78,-
1-Feb-08,-,-,-,0.78,-
31-Jan-08,-,-,-,0.79,-
30-Jan-08,-,-,-,0.79,-
29-Jan-08,-,-,-,0.78,-
28-Jan-08,-,-,-,0.78,-
27-Jan-08,-,-,-,0.79,-
26-Jan-08,-,-,-,0.79,-
25-Jan-08,-,-,-,0.79,-
24-Jan-08,-,-,-,0.79,-
23-Jan-08,-,-,-,0.79,-
22-Jan-08,-,-,-,0.79,-
21-Jan-08,-,-,-,0.8,-
20-Jan-08,-,-,-,0.8,-
19-Jan-08,-,-,-,0.8,-
18-Jan-08,-,-,-,0.8,-
17-Jan-08,-,-,-,0.8,-
16-Jan-08,-,-,-,0.8,-
15-Jan-08,-,-,-,0.8,-
14-Jan-08,-,-,-,0.8,-
13-Jan-08,-,-,-,0.79,-
12-Jan-08,-,-,-,0.79,-
11-Jan-08,-,-,-,0.79,-
10-Jan-08,-,-,-,0.78,-
9-Jan-08,-,-,-,0.78,-
8-Jan-08,-,-,-,0.79,-
7-Jan-08,-,-,-,0.78,-
6-Jan-08,-,-,-,0.78,-
5-Jan-08,-,-,-,0.78,-
4-Jan-08,-,-,-,0.78,-
3-Jan-08,-,-,-,0.78,-
2-Jan-08,-,-,-,0.79,-
1-Jan-08,-,-,-,0.8,-
31-Dec-07,-,-,-,0.81,-
30-Dec-07,-,-,-,0.8,-
29-Dec-07,-,-,-,0.8,-
28-Dec-07,-,-,-,0.79,-
27-Dec-07,-,-,-,0.78,-
26-Dec-07,-,-,-,0.77,-
25-Dec-07,-,-,-,0.76,-
24-Dec-07,-,-,-,0.75,-
23-Dec-07,-,-,-,0.75,-
22-Dec-07,-,-,-,0.75,-
21-Dec-07,-,-,-,0.75,-
20-Dec-07,-,-,-,0.75,-
19-Dec-07,-,-,-,0.74,-
18-Dec-07,-,-,-,0.74,-
17-Dec-07,-,-,-,0.74,-
16-Dec-07,-,-,-,0.74,-
15-Dec-07,-,-,-,0.74,-
14-Dec-07,-,-,-,0.74,-
13-Dec-07,-,-,-,0.74,-
12-Dec-07,-,-,-,0.74,-
11-Dec-07,-,-,-,0.74,-
10-Dec-07,-,-,-,0.74,-
9-Dec-07,-,-,-,0.74,-
8-Dec-07,-,-,-,0.74,-
7-Dec-07,-,-,-,0.74,-
6-Dec-07,-,-,-,0.74,-
5-Dec-07,-,-,-,0.75,-
4-Dec-07,-,-,-,0.75,-
3-Dec-07,-,-,-,0.75,-
2-Dec-07,-,-,-,0.76,-
1-Dec-07,-,-,-,0.77,-
30-Nov-07,-,-,-,0.77,-
29-Nov-07,-,-,-,0.79,-
28-Nov-07,-,-,-,0.8,-
27-Nov-07,-,-,-,0.81,-
26-Nov-07,-,-,-,0.81,-
25-Nov-07,-,-,-,0.81,-
24-Nov-07,-,-,-,0.81,-
23-Nov-07,-,-,-,0.8,-
22-Nov-07,-,-,-,0.79,-
21-Nov-07,-,-,-,0.79,-
20-Nov-07,-,-,-,0.78,-
19-Nov-07,-,-,-,0.78,-
18-Nov-07,-,-,-,0.79,-
17-Nov-07,-,-,-,0.79,-
16-Nov-07,-,-,-,0.79,-
15-Nov-07,-,-,-,0.79,-
14-Nov-07,-,-,-,0.79,-
13-Nov-07,-,-,-,0.78,-
12-Nov-07,-,-,-,0.78,-
11-Nov-07,-,-,-,0.78,-
10-Nov-07,-,-,-,0.78,-
9-Nov-07,-,-,-,0.78,-
8-Nov-07,-,-,-,0.78,-
7-Nov-07,-,-,-,0.77,-
6-Nov-07,-,-,-,0.77,-
5-Nov-07,-,-,-,0.78,-
4-Nov-07,-,-,-,0.78,-
3-Nov-07,-,-,-,0.78,-
2-Nov-07,-,-,-,0.78,-
1-Nov-07,-,-,-,0.77,-
31-Oct-07,-,-,-,0.78,-
30-Oct-07,-,-,-,0.78,-
29-Oct-07,-,-,-,0.77,-
28-Oct-07,-,-,-,0.78,-
27-Oct-07,-,-,-,0.78,-
26-Oct-07,-,-,-,0.78,-
25-Oct-07,-,-,-,0.79,-
24-Oct-07,-,-,-,0.79,-
23-Oct-07,-,-,-,0.79,-
22-Oct-07,-,-,-,0.8,-
21-Oct-07,-,-,-,0.8,-
20-Oct-07,-,-,-,0.8,-
19-Oct-07,-,-,-,0.8,-
18-Oct-07,-,-,-,0.8,-
17-Oct-07,-,-,-,0.8,-
16-Oct-07,-,-,-,0.8,-
15-Oct-07,-,-,-,0.8,-
14-Oct-07,-,-,-,0.8,-
13-Oct-07,-,-,-,0.8,-
12-Oct-07,-,-,-,0.8,-
11-Oct-07,-,-,-,0.81,-
10-Oct-07,-,-,-,0.8,-
9-Oct-07,-,-,-,0.8,-
8-Oct-07,-,-,-,0.8,-
7-Oct-07,-,-,-,0.8,-
6-Oct-07,-,-,-,0.8,-
5-Oct-07,-,-,-,0.81,-
4-Oct-07,-,-,-,0.81,-
3-Oct-07,-,-,-,0.81,-
2-Oct-07,-,-,-,0.82,-
1-Oct-07,-,-,-,0.82,-
30-Sep-07,-,-,-,0.82,-
29-Sep-07,-,-,-,0.82,-
28-Sep-07,-,-,-,0.82,-
27-Sep-07,-,-,-,0.82,-
26-Sep-07,-,-,-,0.82,-
25-Sep-07,-,-,-,0.83,-
24-Sep-07,-,-,-,0.83,-
23-Sep-07,-,-,-,0.83,-
22-Sep-07,-,-,-,0.83,-
21-Sep-07,-,-,-,0.83,-
20-Sep-07,-,-,-,0.84,-
19-Sep-07,-,-,-,0.84,-
18-Sep-07,-,-,-,0.84,-
17-Sep-07,-,-,-,0.83,-
16-Sep-07,-,-,-,0.83,-
15-Sep-07,-,-,-,0.83,-
14-Sep-07,-,-,-,0.83,-
13-Sep-07,-,-,-,0.83,-
12-Sep-07,-,-,-,0.83,-
11-Sep-07,-,-,-,0.83,-
10-Sep-07,-,-,-,0.85,-
9-Sep-07,-,-,-,0.85,-
8-Sep-07,-,-,-,0.86,-
7-Sep-07,-,-,-,0.87,-
6-Sep-07,-,-,-,0.87,-
5-Sep-07,-,-,-,0.88,-
4-Sep-07,-,-,-,0.88,-
3-Sep-07,-,-,-,0.87,-
2-Sep-07,-,-,-,0.88,-
1-Sep-07,-,-,-,0.88,-
31-Aug-07,-,-,-,0.88,-
30-Aug-07,-,-,-,0.88,-
29-Aug-07,-,-,-,0.88,-
28-Aug-07,-,-,-,0.88,-
27-Aug-07,-,-,-,0.88,-
26-Aug-07,-,-,-,0.88,-
25-Aug-07,-,-,-,0.89,-
24-Aug-07,-,-,-,0.9,-
23-Aug-07,-,-,-,0.9,-
22-Aug-07,-,-,-,0.9,-
21-Aug-07,-,-,-,0.9,-
20-Aug-07,-,-,-,0.9,-
19-Aug-07,-,-,-,0.9,-
18-Aug-07,-,-,-,0.9,-
17-Aug-07,-,-,-,0.9,-
16-Aug-07,-,-,-,0.9,-
15-Aug-07,-,-,-,0.91,-
14-Aug-07,-,-,-,0.91,-
13-Aug-07,-,-,-,0.91,-
12-Aug-07,-,-,-,0.91,-
11-Aug-07,-,-,-,0.91,-
10-Aug-07,-,-,-,0.91,-
9-Aug-07,-,-,-,0.91,-
8-Aug-07,-,-,-,0.91,-
7-Aug-07,-,-,-,0.91,-
6-Aug-07,-,-,-,0.91,-
5-Aug-07,-,-,-,0.92,-
4-Aug-07,-,-,-,0.92,-
3-Aug-07,-,-,-,0.92,-
2-Aug-07,-,-,-,0.92,-
1-Aug-07,-,-,-,0.93,-
31-Jul-07,-,-,-,0.93,-
30-Jul-07,-,-,-,0.93,-
29-Jul-07,-,-,-,0.94,-
28-Jul-07,-,-,-,0.94,-
27-Jul-07,-,-,-,0.94,-
26-Jul-07,-,-,-,0.94,-
25-Jul-07,-,-,-,0.94,-
24-Jul-07,-,-,-,0.94,-
23-Jul-07,-,-,-,0.94,-
22-Jul-07,-,-,-,0.95,-
21-Jul-07,-,-,-,0.94,-
20-Jul-07,-,-,-,0.94,-
19-Jul-07,-,-,-,0.94,-
18-Jul-07,-,-,-,0.94,-
17-Jul-07,-,-,-,0.94,-
16-Jul-07,-,-,-,0.94,-
15-Jul-07,-,-,-,0.93,-
14-Jul-07,-,-,-,0.94,-
13-Jul-07,-,-,-,0.93,-
12-Jul-07,-,-,-,0.93,-
11-Jul-07,-,-,-,0.94,-
10-Jul-07,-,-,-,0.94,-
9-Jul-07,-,-,-,0.94,-
8-Jul-07,-,-,-,0.94,-
7-Jul-07,-,-,-,0.94,-
6-Jul-07,-,-,-,0.94,-
5-Jul-07,-,-,-,0.93,-
4-Jul-07,-,-,-,0.93,-
3-Jul-07,-,-,-,0.93,-
2-Jul-07,-,-,-,0.92,-
1-Jul-07,-,-,-,0.92,-
30-Jun-07,-,-,-,0.93,-
29-Jun-07,-,-,-,0.93,-
28-Jun-07,-,-,-,0.92,-
27-Jun-07,-,-,-,0.93,-
26-Jun-07,-,-,-,0.93,-
25-Jun-07,-,-,-,0.93,-
24-Jun-07,-,-,-,0.93,-
23-Jun-07,-,-,-,0.93,-
22-Jun-07,-,-,-,0.93,-
21-Jun-07,-,-,-,0.93,-
20-Jun-07,-,-,-,0.93,-
19-Jun-07,-,-,-,0.93,-
18-Jun-07,-,-,-,0.93,-
17-Jun-07,-,-,-,0.93,-
16-Jun-07,-,-,-,0.92,-
15-Jun-07,-,-,-,0.92,-
14-Jun-07,-,-,-,0.92,-
13-Jun-07,-,-,-,0.92,-
12-Jun-07,-,-,-,0.92,-
11-Jun-07,-,-,-,0.92,-
10-Jun-07,-,-,-,0.92,-
9-Jun-07,-,-,-,0.92,-
8-Jun-07,-,-,-,0.92,-
7-Jun-07,-,-,-,0.91,-
6-Jun-07,-,-,-,0.92,-
5-Jun-07,-,-,-,0.92,-
4-Jun-07,-,-,-,0.92,-
3-Jun-07,-,-,-,0.93,-
2-Jun-07,-,-,-,0.94,-
1-Jun-07,-,-,-,0.94,-
31-May-07,-,-,-,0.95,-
30-May-07,-,-,-,0.95,-
29-May-07,-,-,-,0.94,-
28-May-07,-,-,-,0.94,-
27-May-07,-,-,-,0.94,-
26-May-07,-,-,-,0.94,-
25-May-07,-,-,-,0.93,-
24-May-07,-,-,-,0.93,-
23-May-07,-,-,-,0.93,-
22-May-07,-,-,-,0.93,-
21-May-07,-,-,-,0.92,-
20-May-07,-,-,-,0.92,-
19-May-07,-,-,-,0.92,-
18-May-07,-,-,-,0.91,-
17-May-07,-,-,-,0.91,-
16-May-07,-,-,-,0.9,-
15-May-07,-,-,-,0.9,-
14-May-07,-,-,-,0.89,-
13-May-07,-,-,-,0.89,-
12-May-07,-,-,-,0.88,-
11-May-07,-,-,-,0.87,-
10-May-07,-,-,-,0.87,-
9-May-07,-,-,-,0.87,-
8-May-07,-,-,-,0.87,-
7-May-07,-,-,-,0.87,-
6-May-07,-,-,-,0.88,-
5-May-07,-,-,-,0.88,-
4-May-07,-,-,-,0.88,-
3-May-07,-,-,-,0.88,-
2-May-07,-,-,-,0.89,-
1-May-07,-,-,-,0.88,-
30-Apr-07,-,-,-,0.88,-
29-Apr-07,-,-,-,0.89,-
28-Apr-07,-,-,-,0.89,-
27-Apr-07,-,-,-,0.9,-
26-Apr-07,-,-,-,0.9,-
25-Apr-07,-,-,-,0.89,-
24-Apr-07,-,-,-,0.89,-
23-Apr-07,-,-,-,0.88,-
22-Apr-07,-,-,-,0.86,-
21-Apr-07,-,-,-,0.86,-
20-Apr-07,-,-,-,0.85,-
19-Apr-07,-,-,-,0.85,-
18-Apr-07,-,-,-,0.85,-
17-Apr-07,-,-,-,0.85,-
16-Apr-07,-,-,-,0.86,-
15-Apr-07,-,-,-,0.86,-
14-Apr-07,-,-,-,0.87,-
13-Apr-07,-,-,-,0.87,-
12-Apr-07,-,-,-,0.87,-
11-Apr-07,-,-,-,0.88,-
10-Apr-07,-,-,-,0.88,-
9-Apr-07,-,-,-,0.88,-
8-Apr-07,-,-,-,0.88,-
7-Apr-07,-,-,-,0.89,-
6-Apr-07,-,-,-,0.89,-
5-Apr-07,-,-,-,0.89,-
4-Apr-07,-,-,-,0.89,-
3-Apr-07,-,-,-,0.89,-
2-Apr-07,-,-,-,0.89,-
1-Apr-07,-,-,-,0.89,-
31-Mar-07,-,-,-,0.89,-
30-Mar-07,-,-,-,0.89,-
29-Mar-07,-,-,-,0.88,-
28-Mar-07,-,-,-,0.88,-
27-Mar-07,-,-,-,0.88,-
26-Mar-07,-,-,-,0.87,-
25-Mar-07,-,-,-,0.86,-
24-Mar-07,-,-,-,0.86,-
23-Mar-07,-,-,-,0.85,-
22-Mar-07,-,-,-,0.85,-
21-Mar-07,-,-,-,0.85,-
20-Mar-07,-,-,-,0.85,-
19-Mar-07,-,-,-,0.86,-
18-Mar-07,-,-,-,0.86,-
17-Mar-07,-,-,-,0.86,-
16-Mar-07,-,-,-,0.86,-
15-Mar-07,-,-,-,0.86,-
14-Mar-07,-,-,-,0.86,-
13-Mar-07,-,-,-,0.85,-
12-Mar-07,-,-,-,0.85,-
11-Mar-07,-,-,-,0.84,-
10-Mar-07,-,-,-,0.84,-
9-Mar-07,-,-,-,0.84,-
8-Mar-07,-,-,-,0.84,-
7-Mar-07,-,-,-,0.84,-
6-Mar-07,-,-,-,0.83,-
5-Mar-07,-,-,-,0.83,-
4-Mar-07,-,-,-,0.82,-
3-Mar-07,-,-,-,0.82,-
2-Mar-07,-,-,-,0.82,-
1-Mar-07,-,-,-,0.82,-
28-Feb-07,-,-,-,0.83,-
27-Feb-07,-,-,-,0.83,-
26-Feb-07,-,-,-,0.83,-
25-Feb-07,-,-,-,0.84,-
24-Feb-07,-,-,-,0.84,-
23-Feb-07,-,-,-,0.84,-
22-Feb-07,-,-,-,0.84,-
21-Feb-07,-,-,-,0.83,-
20-Feb-07,-,-,-,0.82,-
19-Feb-07,-,-,-,0.81,-
18-Feb-07,-,-,-,0.8,-
17-Feb-07,-,-,-,0.8,-
16-Feb-07,-,-,-,0.8,-
15-Feb-07,-,-,-,0.8,-
14-Feb-07,-,-,-,0.8,-
13-Feb-07,-,-,-,0.81,-
12-Feb-07,-,-,-,0.81,-
11-Feb-07,-,-,-,0.81,-
10-Feb-07,-,-,-,0.8,-
9-Feb-07,-,-,-,0.8,-
8-Feb-07,-,-,-,0.79,-
7-Feb-07,-,-,-,0.79,-
6-Feb-07,-,-,-,0.79,-
5-Feb-07,-,-,-,0.79,-
4-Feb-07,-,-,-,0.79,-
3-Feb-07,-,-,-,0.8,-
2-Feb-07,-,-,-,0.8,-
1-Feb-07,-,-,-,0.81,-
31-Jan-07,-,-,-,0.81,-
30-Jan-07,-,-,-,0.81,-
29-Jan-07,-,-,-,0.81,-
28-Jan-07,-,-,-,0.81,-
27-Jan-07,-,-,-,0.81,-
26-Jan-07,-,-,-,0.81,-
25-Jan-07,-,-,-,0.81,-
24-Jan-07,-,-,-,0.81,-
23-Jan-07,-,-,-,0.81,-
22-Jan-07,-,-,-,0.81,-
21-Jan-07,-,-,-,0.81,-
20-Jan-07,-,-,-,0.81,-
19-Jan-07,-,-,-,0.8,-
18-Jan-07,-,-,-,0.8,-
17-Jan-07,-,-,-,0.8,-
16-Jan-07,-,-,-,0.8,-
15-Jan-07,-,-,-,0.8,-
14-Jan-07,-,-,-,0.8,-
13-Jan-07,-,-,-,0.8,-
12-Jan-07,-,-,-,0.8,-
11-Jan-07,-,-,-,0.8,-
10-Jan-07,-,-,-,0.8,-
9-Jan-07,-,-,-,0.81,-
8-Jan-07,-,-,-,0.81,-
7-Jan-07,-,-,-,0.8,-
6-Jan-07,-,-,-,0.79,-
5-Jan-07,-,-,-,0.79,-
4-Jan-07,-,-,-,0.8,-
3-Jan-07,-,-,-,0.81,-
2-Jan-07,-,-,-,0.81,-
1-Jan-07,-,-,-,0.82,-
31-Dec-06,-,-,-,0.82,-
30-Dec-06,-,-,-,0.82,-
29-Dec-06,-,-,-,0.81,-
28-Dec-06,-,-,-,0.8,-
27-Dec-06,-,-,-,0.79,-
26-Dec-06,-,-,-,0.78,-
25-Dec-06,-,-,-,0.77,-
24-Dec-06,-,-,-,0.77,-
23-Dec-06,-,-,-,0.77,-
22-Dec-06,-,-,-,0.77,-
21-Dec-06,-,-,-,0.77,-
20-Dec-06,-,-,-,0.77,-
19-Dec-06,-,-,-,0.77,-
18-Dec-06,-,-,-,0.76,-
17-Dec-06,-,-,-,0.76,-
16-Dec-06,-,-,-,0.76,-
15-Dec-06,-,-,-,0.76,-
14-Dec-06,-,-,-,0.76,-
13-Dec-06,-,-,-,0.76,-
12-Dec-06,-,-,-,0.76,-
11-Dec-06,-,-,-,0.76,-
10-Dec-06,-,-,-,0.76,-
9-Dec-06,-,-,-,0.76,-
8-Dec-06,-,-,-,0.76,-
7-Dec-06,-,-,-,0.76,-
6-Dec-06,-,-,-,0.76,-
5-Dec-06,-,-,-,0.76,-
4-Dec-06,-,-,-,0.76,-
3-Dec-06,-,-,-,0.77,-
2-Dec-06,-,-,-,0.78,-
1-Dec-06,-,-,-,0.79,-
30-Nov-06,-,-,-,0.81,-
29-Nov-06,-,-,-,0.82,-
28-Nov-06,-,-,-,0.82,-
27-Nov-06,-,-,-,0.82,-
26-Nov-06,-,-,-,0.82,-
25-Nov-06,-,-,-,0.81,-
24-Nov-06,-,-,-,0.81,-
23-Nov-06,-,-,-,0.79,-
22-Nov-06,-,-,-,0.78,-
21-Nov-06,-,-,-,0.78,-
20-Nov-06,-,-,-,0.78,-
19-Nov-06,-,-,-,0.78,-
18-Nov-06,-,-,-,0.78,-
17-Nov-06,-,-,-,0.78,-
16-Nov-06,-,-,-,0.79,-
15-Nov-06,-,-,-,0.79,-
14-Nov-06,-,-,-,0.79,-
13-Nov-06,-,-,-,0.78,-
12-Nov-06,-,-,-,0.78,-
11-Nov-06,-,-,-,0.78,-
10-Nov-06,-,-,-,0.78,-
9-Nov-06,-,-,-,0.78,-
8-Nov-06,-,-,-,0.78,-
7-Nov-06,-,-,-,0.79,-
6-Nov-06,-,-,-,0.79,-
5-Nov-06,-,-,-,0.79,-
4-Nov-06,-,-,-,0.79,-
3-Nov-06,-,-,-,0.79,-
2-Nov-06,-,-,-,0.8,-
1-Nov-06,-,-,-,0.8,-
31-Oct-06,-,-,-,0.8,-
30-Oct-06,-,-,-,0.8,-
29-Oct-06,-,-,-,0.8,-
28-Oct-06,-,-,-,0.81,-
27-Oct-06,-,-,-,0.81,-
26-Oct-06,-,-,-,0.81,-
25-Oct-06,-,-,-,0.81,-
24-Oct-06,-,-,-,0.81,-
23-Oct-06,-,-,-,0.81,-
22-Oct-06,-,-,-,0.81,-
21-Oct-06,-,-,-,0.81,-
20-Oct-06,-,-,-,0.81,-
19-Oct-06,-,-,-,0.81,-
18-Oct-06,-,-,-,0.81,-
17-Oct-06,-,-,-,0.82,-
16-Oct-06,-,-,-,0.82,-
15-Oct-06,-,-,-,0.82,-
14-Oct-06,-,-,-,0.82,-
13-Oct-06,-,-,-,0.83,-
12-Oct-06,-,-,-,0.83,-
11-Oct-06,-,-,-,0.83,-
10-Oct-06,-,-,-,0.83,-
9-Oct-06,-,-,-,0.83,-
8-Oct-06,-,-,-,0.83,-
7-Oct-06,-,-,-,0.83,-
6-Oct-06,-,-,-,0.84,-
5-Oct-06,-,-,-,0.85,-
4-Oct-06,-,-,-,0.85,-
3-Oct-06,-,-,-,0.85,-
2-Oct-06,-,-,-,0.85,-
1-Oct-06,-,-,-,0.85,-
30-Sep-06,-,-,-,0.85,-
29-Sep-06,-,-,-,0.85,-
28-Sep-06,-,-,-,0.85,-
27-Sep-06,-,-,-,0.85,-
26-Sep-06,-,-,-,0.85,-
25-Sep-06,-,-,-,0.85,-
24-Sep-06,-,-,-,0.85,-
23-Sep-06,-,-,-,0.85,-
22-Sep-06,-,-,-,0.85,-
21-Sep-06,-,-,-,0.86,-
20-Sep-06,-,-,-,0.86,-
19-Sep-06,-,-,-,0.86,-
18-Sep-06,-,-,-,0.86,-
17-Sep-06,-,-,-,0.86,-
16-Sep-06,-,-,-,0.86,-
15-Sep-06,-,-,-,0.86,-
14-Sep-06,-,-,-,0.86,-
13-Sep-06,-,-,-,0.87,-
12-Sep-06,-,-,-,0.87,-
11-Sep-06,-,-,-,0.88,-
10-Sep-06,-,-,-,0.88,-
9-Sep-06,-,-,-,0.88,-
8-Sep-06,-,-,-,0.88,-
7-Sep-06,-,-,-,0.89,-
6-Sep-06,-,-,-,0.89,-
5-Sep-06,-,-,-,0.89,-
4-Sep-06,-,-,-,0.89,-
3-Sep-06,-,-,-,0.9,-
2-Sep-06,-,-,-,0.91,-
1-Sep-06,-,-,-,0.92,-
31-Aug-06,-,-,-,0.92,-
30-Aug-06,-,-,-,0.93,-
29-Aug-06,-,-,-,0.93,-
28-Aug-06,-,-,-,0.94,-
27-Aug-06,-,-,-,0.94,-
26-Aug-06,-,-,-,0.94,-
25-Aug-06,-,-,-,0.94,-
24-Aug-06,-,-,-,0.94,-
23-Aug-06,-,-,-,0.95,-
22-Aug-06,-,-,-,0.95,-
21-Aug-06,-,-,-,0.95,-
20-Aug-06,-,-,-,0.96,-
19-Aug-06,-,-,-,0.96,-
18-Aug-06,-,-,-,0.96,-
17-Aug-06,-,-,-,0.96,-
16-Aug-06,-,-,-,0.96,-
15-Aug-06,-,-,-,0.96,-
14-Aug-06,-,-,-,0.97,-
13-Aug-06,-,-,-,0.97,-
12-Aug-06,-,-,-,0.97,-
11-Aug-06,-,-,-,0.97,-
10-Aug-06,-,-,-,0.97,-
9-Aug-06,-,-,-,0.97,-
8-Aug-06,-,-,-,0.97,-
7-Aug-06,-,-,-,0.96,-
6-Aug-06,-,-,-,0.96,-
5-Aug-06,-,-,-,0.96,-
4-Aug-06,-,-,-,0.97,-
3-Aug-06,-,-,-,0.97,-
2-Aug-06,-,-,-,0.97,-
1-Aug-06,-,-,-,0.97,-
31-Jul-06,-,-,-,0.97,-
30-Jul-06,-,-,-,0.97,-
29-Jul-06,-,-,-,0.98,-
28-Jul-06,-,-,-,0.98,-
27-Jul-06,-,-,-,0.98,-
26-Jul-06,-,-,-,0.98,-
25-Jul-06,-,-,-,0.98,-
24-Jul-06,-,-,-,0.98,-
23-Jul-06,-,-,-,0.98,-
22-Jul-06,-,-,-,0.98,-
21-Jul-06,-,-,-,0.98,-
20-Jul-06,-,-,-,0.97,-
19-Jul-06,-,-,-,0.97,-
18-Jul-06,-,-,-,0.97,-
17-Jul-06,-,-,-,0.97,-
16-Jul-06,-,-,-,0.96,-
15-Jul-06,-,-,-,0.96,-
14-Jul-06,-,-,-,0.96,-
13-Jul-06,-,-,-,0.97,-
12-Jul-06,-,-,-,0.98,-
11-Jul-06,-,-,-,0.98,-
10-Jul-06,-,-,-,0.98,-
9-Jul-06,-,-,-,0.99,-
8-Jul-06,-,-,-,0.99,-
7-Jul-06,-,-,-,0.99,-
6-Jul-06,-,-,-,0.99,-
5-Jul-06,-,-,-,0.99,-
4-Jul-06,-,-,-,0.98,-
3-Jul-06,-,-,-,0.97,-
2-Jul-06,-,-,-,0.96,-
1-Jul-06,-,-,-,0.96,-
30-Jun-06,-,-,-,0.96,-
29-Jun-06,-,-,-,0.96,-
28-Jun-06,-,-,-,0.96,-
27-Jun-06,-,-,-,0.96,-
26-Jun-06,-,-,-,0.96,-
25-Jun-06,-,-,-,0.96,-
24-Jun-06,-,-,-,0.96,-
23-Jun-06,-,-,-,0.96,-
22-Jun-06,-,-,-,0.96,-
21-Jun-06,-,-,-,0.96,-
20-Jun-06,-,-,-,0.95,-
19-Jun-06,-,-,-,0.95,-
18-Jun-06,-,-,-,0.95,-
17-Jun-06,-,-,-,0.94,-
16-Jun-06,-,-,-,0.94,-
15-Jun-06,-,-,-,0.93,-